{"accuracy": 0.9613114333376107, "roc_auc": 0.9946016304321794}